epoch,lr-AdamW,step,test_acc,test_loss,train_acc_epoch,train_acc_step,train_loss_epoch,train_loss_step,val_acc,val_loss
,1.200000000000002e-05,0,,,,,,,,
0,,49,,,,0.21875,,2.1530230045318604,,
0,,99,,,,0.21875,,2.064072608947754,,
0,,149,,,,0.2890625,,2.0811927318573,,
0,,199,,,,0.2734375,,1.9991375207901,,
0,,249,,,,0.3359375,,1.859412431716919,,
0,,299,,,,0.3125,,1.9493296146392822,,
0,,349,,,,0.3046875,,1.940307855606079,,
0,,351,,,,,,,0.31439998745918274,1.94747793674469
0,,351,,,0.2586444318294525,,2.0647380352020264,,,
,1.27889963544446e-05,352,,,,,,,,
1,,399,,,,0.3984375,,1.880362868309021,,
1,,449,,,,0.359375,,1.9591498374938965,,
1,,499,,,,0.234375,,1.9644988775253296,,
1,,549,,,,0.3515625,,1.9034233093261719,,
1,,599,,,,0.3125,,1.9147558212280273,,
1,,649,,,,0.3203125,,1.8961477279663086,,
1,,699,,,,0.34375,,1.9464191198349,,
1,,703,,,,,,,0.35019999742507935,1.8662668466567993
1,,703,,,0.3247111141681671,,1.9344661235809326,,,
,1.5147339372676468e-05,704,,,,,,,,
2,,749,,,,0.3203125,,1.92941415309906,,
2,,799,,,,0.375,,1.8516308069229126,,
2,,849,,,,0.375,,1.9512134790420532,,
2,,899,,,,0.3359375,,1.875072717666626,,
2,,949,,,,0.3828125,,1.8969193696975708,,
2,,999,,,,0.3359375,,1.913557529449463,,
2,,1049,,,,0.3203125,,1.846505045890808,,
2,,1055,,,,,,,0.373199999332428,1.8289090394973755
2,,1055,,,0.355777770280838,,1.8678014278411865,,,
,1.9049185665196908e-05,1056,,,,,,,,
3,,1099,,,,0.4296875,,1.8487979173660278,,
3,,1149,,,,0.3515625,,1.8208060264587402,,
3,,1199,,,,0.3203125,,1.9115815162658691,,
3,,1249,,,,0.3359375,,1.9517015218734741,,
3,,1299,,,,0.421875,,1.7643406391143799,,
3,,1349,,,,0.3515625,,1.8988151550292969,,
3,,1399,,,,0.390625,,1.918304443359375,,
3,,1407,,,,,,,0.3944000005722046,1.780595302581787
3,,1407,,,0.3790222108364105,,1.8209203481674194,,,
,2.4451777697278036e-05,1408,,,,,,,,
4,,1449,,,,0.4296875,,1.7972053289413452,,
4,,1499,,,,0.34375,,1.8315527439117432,,
4,,1549,,,,0.3984375,,1.7846548557281494,,
4,,1599,,,,0.3125,,1.7975736856460571,,
4,,1649,,,,0.4140625,,1.7520376443862915,,
4,,1699,,,,0.4296875,,1.7876238822937012,,
4,,1749,,,,0.40625,,1.739425778388977,,
4,,1759,,,,,,,0.4106000065803528,1.7439258098602295
4,,1759,,,0.3977999985218048,,1.7842425107955933,,,
,3.129591233811622e-05,1760,,,,,,,,
5,,1799,,,,0.3359375,,1.7691459655761719,,
5,,1849,,,,0.4375,,1.63654363155365,,
5,,1899,,,,0.4375,,1.7278270721435547,,
5,,1949,,,,0.421875,,1.7473660707473755,,
5,,1999,,,,0.4140625,,1.6935663223266602,,
5,,2049,,,,0.40625,,1.7089909315109253,,
5,,2099,,,,0.46875,,1.6934419870376587,,
5,,2111,,,,,,,0.4198000133037567,1.7416287660598755
5,,2111,,,0.4136222302913666,,1.7457102537155151,,,
,3.950658962547613e-05,2112,,,,,,,,
6,,2149,,,,0.4609375,,1.701034665107727,,
6,,2199,,,,0.4765625,,1.6554327011108398,,
6,,2249,,,,0.484375,,1.5962374210357666,,
6,,2299,,,,0.46875,,1.6456232070922852,,
6,,2349,,,,0.3984375,,1.7271933555603027,,
6,,2399,,,,0.484375,,1.81412935256958,,
6,,2449,,,,0.4296875,,1.7932721376419067,,
6,,2463,,,,,,,0.44760000705718994,1.6763525009155273
6,,2463,,,0.43193334341049194,,1.7095102071762085,,,
,4.899383463647923e-05,2464,,,,,,,,
7,,2499,,,,0.4765625,,1.689784049987793,,
7,,2549,,,,0.421875,,1.6317790746688843,,
7,,2599,,,,0.5,,1.6589744091033936,,
7,,2649,,,,0.421875,,1.7282167673110962,,
7,,2699,,,,0.4375,,1.7091161012649536,,
7,,2749,,,,0.421875,,1.746277928352356,,
7,,2799,,,,0.484375,,1.6242966651916504,,
7,,2815,,,,,,,0.4578000009059906,1.6596465110778809
7,,2815,,,0.4510444402694702,,1.6731276512145996,,,
,5.965368345824495e-05,2816,,,,,,,,
8,,2849,,,,0.5390625,,1.6745668649673462,,
8,,2899,,,,0.46875,,1.6291115283966064,,
8,,2949,,,,0.484375,,1.6570284366607666,,
8,,2999,,,,0.4609375,,1.7047821283340454,,
8,,3049,,,,0.4296875,,1.6826581954956055,,
8,,3099,,,,0.421875,,1.7268486022949219,,
8,,3149,,,,0.4296875,,1.6368088722229004,,
8,,3167,,,,,,,0.4803999960422516,1.609262228012085
8,,3167,,,0.4702666699886322,,1.6368428468704224,,,
,7.136932245383853e-05,3168,,,,,,,,
9,,3199,,,,0.484375,,1.5637444257736206,,
9,,3249,,,,0.4921875,,1.5334104299545288,,
9,,3299,,,,0.4375,,1.711112380027771,,
9,,3349,,,,0.4609375,,1.7193806171417236,,
9,,3399,,,,0.5703125,,1.4434456825256348,,
9,,3449,,,,0.5546875,,1.4934442043304443,,
9,,3499,,,,0.46875,,1.5999141931533813,,
9,,3519,,,,,,,0.5081999897956848,1.5643248558044434
9,,3519,,,0.49015554785728455,,1.5977436304092407,,,
,8.401236833912787e-05,3520,,,,,,,,
10,,3549,,,,0.515625,,1.5258080959320068,,
10,,3599,,,,0.5546875,,1.5344276428222656,,
10,,3649,,,,0.453125,,1.6791963577270508,,
10,,3699,,,,0.5859375,,1.5125609636306763,,
10,,3749,,,,0.484375,,1.591578483581543,,
10,,3799,,,,0.484375,,1.5788726806640625,,
10,,3849,,,,0.46875,,1.6242175102233887,,
10,,3871,,,,,,,0.5289999842643738,1.522728681564331
10,,3871,,,0.5057555437088013,,1.5678348541259766,,,
,9.744427504310507e-05,3872,,,,,,,,
11,,3899,,,,0.5234375,,1.6034425497055054,,
11,,3949,,,,0.546875,,1.4618033170700073,,
11,,3999,,,,0.453125,,1.7158985137939453,,
11,,4049,,,,0.5234375,,1.517096996307373,,
11,,4099,,,,0.515625,,1.5674262046813965,,
11,,4149,,,,0.46875,,1.611393928527832,,
11,,4199,,,,0.640625,,1.3774690628051758,,
11,,4223,,,,,,,0.5443999767303467,1.4958040714263916
11,,4223,,,0.5182889103889465,,1.5389659404754639,,,
,0.00011151785193489958,4224,,,,,,,,
12,,4249,,,,0.359375,,1.7346184253692627,,
12,,4299,,,,0.4921875,,1.6420785188674927,,
12,,4349,,,,0.5703125,,1.4288161993026733,,
12,,4399,,,,0.5,,1.5887867212295532,,
12,,4449,,,,0.5390625,,1.4439924955368042,,
12,,4499,,,,0.484375,,1.5408357381820679,,
12,,4549,,,,0.546875,,1.476413607597351,,
12,,4575,,,,,,,0.5297999978065491,1.5085574388504028
12,,4575,,,0.5385333299636841,,1.4996881484985352,,,
,0.0001260788767803223,4576,,,,,,,,
13,,4599,,,,0.578125,,1.4825962781906128,,
13,,4649,,,,0.4765625,,1.5273953676223755,,
13,,4699,,,,0.5625,,1.4573380947113037,,
13,,4749,,,,0.546875,,1.5247089862823486,,
13,,4799,,,,0.546875,,1.4596632719039917,,
13,,4849,,,,0.6015625,,1.4183018207550049,,
13,,4899,,,,0.546875,,1.5178298950195312,,
13,,4927,,,,,,,0.5465999841690063,1.474008321762085
13,,4927,,,0.5550444722175598,,1.4696619510650635,,,
,0.0001409677857527062,4928,,,,,,,,
14,,4949,,,,0.6015625,,1.2726627588272095,,
14,,4999,,,,0.4765625,,1.6144351959228516,,
14,,5049,,,,0.6171875,,1.3274108171463013,,
14,,5099,,,,0.4921875,,1.576578974723816,,
14,,5149,,,,0.5703125,,1.4726920127868652,,
14,,5199,,,,0.6484375,,1.2760305404663086,,
14,,5249,,,,0.6015625,,1.3631348609924316,,
14,,5279,,,,,,,0.5699999928474426,1.4455702304840088
14,,5279,,,0.5675777792930603,,1.4437164068222046,,,
,0.00015602142197842825,5280,,,,,,,,
15,,5299,,,,0.515625,,1.5421693325042725,,
15,,5349,,,,0.5234375,,1.5553817749023438,,
15,,5399,,,,0.5546875,,1.480546236038208,,
15,,5449,,,,0.5859375,,1.4046154022216797,,
15,,5499,,,,0.5546875,,1.4497449398040771,,
15,,5549,,,,0.6171875,,1.4228121042251587,,
15,,5599,,,,0.59375,,1.3244798183441162,,
15,,5631,,,,,,,0.5839999914169312,1.4055851697921753
15,,5631,,,0.5778889060020447,,1.4239751100540161,,,
,0.00017107482345605465,5632,,,,,,,,
16,,5649,,,,0.53125,,1.5391662120819092,,
16,,5699,,,,0.5703125,,1.4308669567108154,,
16,,5749,,,,0.5859375,,1.4172532558441162,,
16,,5799,,,,0.5,,1.5002647638320923,,
16,,5849,,,,0.5546875,,1.4611177444458008,,
16,,5899,,,,0.640625,,1.4256901741027832,,
16,,5949,,,,0.578125,,1.3700796365737915,,
16,,5983,,,,,,,0.5965999960899353,1.3776174783706665
16,,5983,,,0.5871111154556274,,1.404646873474121,,,
,0.0001859630307565878,5984,,,,,,,,
17,,5999,,,,0.4765625,,1.578711748123169,,
17,,6049,,,,0.6328125,,1.2708317041397095,,
17,,6099,,,,0.59375,,1.3872578144073486,,
17,,6149,,,,0.609375,,1.3226821422576904,,
17,,6199,,,,0.578125,,1.4488584995269775,,
17,,6249,,,,0.6015625,,1.3542712926864624,,
17,,6299,,,,0.59375,,1.4562923908233643,,
17,,6335,,,,,,,0.6003999710083008,1.3808915615081787
17,,6335,,,0.5987333059310913,,1.3800524473190308,,,
,0.00020052289469552282,6336,,,,,,,,
18,,6349,,,,0.6171875,,1.3320279121398926,,
18,,6399,,,,0.59375,,1.2744896411895752,,
18,,6449,,,,0.5703125,,1.4113825559616089,,
18,,6499,,,,0.6171875,,1.2965410947799683,,
18,,6549,,,,0.6328125,,1.215455412864685,,
18,,6599,,,,0.6796875,,1.1778947114944458,,
18,,6649,,,,0.578125,,1.4525812864303589,,
18,,6687,,,,,,,0.6169999837875366,1.3496218919754028
18,,6687,,,0.6046444177627563,,1.3607109785079956,,,
,0.0002145948641677344,6688,,,,,,,,
19,,6699,,,,0.6875,,1.2513096332550049,,
19,,6749,,,,0.59375,,1.3858230113983154,,
19,,6799,,,,0.6484375,,1.3291107416152954,,
19,,6849,,,,0.5859375,,1.445785641670227,,
19,,6899,,,,0.6015625,,1.336836576461792,,
19,,6949,,,,0.578125,,1.3626646995544434,,
19,,6999,,,,0.6640625,,1.3052414655685425,,
19,,7039,,,,,,,0.6223999857902527,1.336788535118103
19,,7039,,,0.6151999831199646,,1.3446886539459229,,,
,0.00022802473455359163,7040,,,,,,,,
20,,7049,,,,0.5546875,,1.4127811193466187,,
20,,7099,,,,0.640625,,1.3219821453094482,,
20,,7149,,,,0.6484375,,1.3421870470046997,,
20,,7199,,,,0.59375,,1.3662910461425781,,
20,,7249,,,,0.6015625,,1.393118143081665,,
20,,7299,,,,0.671875,,1.237576961517334,,
20,,7349,,,,0.59375,,1.3370407819747925,,
20,,7391,,,,,,,0.6263999938964844,1.3259304761886597
20,,7391,,,0.6255999803543091,,1.3256559371948242,,,
,0.0002406653375367737,7392,,,,,,,,
21,,7399,,,,0.6328125,,1.3525383472442627,,
21,,7449,,,,0.609375,,1.2444145679473877,,
21,,7499,,,,0.578125,,1.3112614154815674,,
21,,7549,,,,0.546875,,1.559482216835022,,
21,,7599,,,,0.65625,,1.2260234355926514,,
21,,7649,,,,0.703125,,1.228751301765442,,
21,,7699,,,,0.515625,,1.4894343614578247,,
21,,7743,,,,,,,0.6438000202178955,1.2801263332366943
21,,7743,,,0.6318666934967041,,1.3090097904205322,,,
,0.0002523781538162843,7744,,,,,,,,
22,,7749,,,,0.5625,,1.4440511465072632,,
22,,7799,,,,0.5859375,,1.3419679403305054,,
22,,7849,,,,0.578125,,1.369555115699768,,
22,,7899,,,,0.6484375,,1.2903928756713867,,
22,,7949,,,,0.640625,,1.3069109916687012,,
22,,7999,,,,0.640625,,1.2374571561813354,,
22,,8049,,,,0.65625,,1.271518588066101,,
22,,8095,,,,,,,0.6416000127792358,1.2921148538589478
22,,8095,,,0.6410222053527832,,1.2904279232025146,,,
,0.0002630348310401124,8096,,,,,,,,
23,,8099,,,,0.6796875,,1.3048112392425537,,
23,,8149,,,,0.703125,,1.2261123657226562,,
23,,8199,,,,0.6171875,,1.3305314779281616,,
23,,8249,,,,0.6328125,,1.2973191738128662,,
23,,8299,,,,0.6484375,,1.3514524698257446,,
23,,8349,,,,0.6328125,,1.2345374822616577,,
23,,8399,,,,0.6640625,,1.2681829929351807,,
23,,8447,,,,,,,0.6467999815940857,1.28203547000885
23,,8447,,,0.6496000289916992,,1.2736915349960327,,,
,0.00027251859032659,8448,,,,,,,,
24,,8449,,,,0.5703125,,1.4785683155059814,,
24,,8499,,,,0.6484375,,1.323014497756958,,
24,,8549,,,,0.59375,,1.2882245779037476,,
24,,8599,,,,0.6328125,,1.2651469707489014,,
24,,8649,,,,0.640625,,1.277654767036438,,
24,,8699,,,,0.734375,,1.1959253549575806,,
24,,8749,,,,0.640625,,1.2636091709136963,,
24,,8799,,,,0.7083333134651184,,1.3017765283584595,,
24,,8799,,,,,,,0.6326000094413757,1.2870862483978271
24,,8799,,,0.6520000100135803,,1.26119065284729,,,
,0.00028072550596039127,8800,,,,,,,,
25,,8849,,,,0.6484375,,1.3386341333389282,,
25,,8899,,,,0.625,,1.270730972290039,,
25,,8949,,,,0.6484375,,1.256131887435913,,
25,,8999,,,,0.65625,,1.262242078781128,,
25,,9049,,,,0.6015625,,1.3391005992889404,,
25,,9099,,,,0.6015625,,1.2744507789611816,,
25,,9149,,,,0.6171875,,1.3586723804473877,,
25,,9151,,,,,,,0.6570000052452087,1.2594038248062134
25,,9151,,,0.6600221991539001,,1.250100016593933,,,
,0.00028756564423990084,9152,,,,,,,,
26,,9199,,,,0.65625,,1.2704269886016846,,
26,,9249,,,,0.6953125,,1.2030085325241089,,
26,,9299,,,,0.671875,,1.2901242971420288,,
26,,9349,,,,0.6875,,1.1485164165496826,,
26,,9399,,,,0.6875,,1.242768406867981,,
26,,9449,,,,0.6796875,,1.2373292446136475,,
26,,9499,,,,0.703125,,1.1612293720245361,,
26,,9503,,,,,,,0.670199990272522,1.2376946210861206
26,,9503,,,0.6676889061927795,,1.2339942455291748,,,
,0.00029296404899614053,9504,,,,,,,,
27,,9549,,,,0.625,,1.303847312927246,,
27,,9599,,,,0.734375,,1.079601526260376,,
27,,9649,,,,0.6484375,,1.2953908443450928,,
27,,9699,,,,0.6953125,,1.1608397960662842,,
27,,9749,,,,0.71875,,1.1920514106750488,,
27,,9799,,,,0.6875,,1.1919667720794678,,
27,,9849,,,,0.6953125,,1.275290608406067,,
27,,9855,,,,,,,0.6759999990463257,1.2371940612792969
27,,9855,,,0.6757110953330994,,1.219862461090088,,,
,0.0002968615629836591,9856,,,,,,,,
28,,9899,,,,0.7265625,,1.1880913972854614,,
28,,9949,,,,0.7578125,,1.0794891119003296,,
28,,9999,,,,0.640625,,1.2793354988098145,,
28,,10049,,,,0.671875,,1.1751987934112549,,
28,,10099,,,,0.625,,1.2623714208602905,,
28,,10149,,,,0.71875,,1.2244529724121094,,
28,,10199,,,,0.7265625,,1.1521109342575073,,
28,,10207,,,,,,,0.6769999861717224,1.2112239599227905
28,,10207,,,0.6818888783454895,,1.2056564092636108,,,
,0.00029921547614235176,10208,,,,,,,,
29,,10249,,,,0.65625,,1.2260730266571045,,
29,,10299,,,,0.6953125,,1.288956642150879,,
29,,10349,,,,0.6484375,,1.216547966003418,,
29,,10399,,,,0.7265625,,1.1248126029968262,,
29,,10449,,,,0.671875,,1.2529444694519043,,
29,,10499,,,,0.65625,,1.2180976867675781,,
29,,10549,,,,0.6796875,,1.244099736213684,,
29,,10559,,,,,,,0.6747999787330627,1.2155272960662842
29,,10559,,,0.6883777976036072,,1.1908235549926758,,,
,0.0002999999987807918,10560,,,,,,,,
30,,10599,,,,0.7265625,,1.132605791091919,,
30,,10649,,,,0.625,,1.3171007633209229,,
30,,10699,,,,0.7421875,,1.1114616394042969,,
30,,10749,,,,0.6875,,1.2211487293243408,,
30,,10799,,,,0.7109375,,1.1209208965301514,,
30,,10849,,,,0.703125,,1.150036334991455,,
30,,10899,,,,0.7109375,,1.1604101657867432,,
30,,10911,,,,,,,0.6844000220298767,1.1916214227676392
30,,10911,,,0.6939111351966858,,1.1769644021987915,,,
,0.00029984810133293723,10912,,,,,,,,
31,,10949,,,,0.59375,,1.3844013214111328,,
31,,10999,,,,0.6953125,,1.1902555227279663,,
31,,11049,,,,0.7265625,,1.143873691558838,,
31,,11099,,,,0.6953125,,1.1209721565246582,,
31,,11149,,,,0.6640625,,1.192868709564209,,
31,,11199,,,,0.734375,,1.1645524501800537,,
31,,11249,,,,0.703125,,1.1895802021026611,,
31,,11263,,,,,,,0.680400013923645,1.1986956596374512
31,,11263,,,0.6998666524887085,,1.1664013862609863,,,
,0.00029939443095949755,11264,,,,,,,,
32,,11299,,,,0.6640625,,1.2437524795532227,,
32,,11349,,,,0.6875,,1.148193359375,,
32,,11399,,,,0.6796875,,1.1955761909484863,,
32,,11449,,,,0.6796875,,1.1827192306518555,,
32,,11499,,,,0.7578125,,1.033100962638855,,
32,,11549,,,,0.6796875,,1.1879096031188965,,
32,,11599,,,,0.7421875,,1.1445362567901611,,
32,,11615,,,,,,,0.6944000124931335,1.1879665851593018
32,,11615,,,0.7035555839538574,,1.1608535051345825,,,
,0.00029863990129222934,11616,,,,,,,,
33,,11649,,,,0.78125,,1.0466837882995605,,
33,,11699,,,,0.75,,1.1003752946853638,,
33,,11749,,,,0.7421875,,1.1293697357177734,,
33,,11799,,,,0.7109375,,1.0943719148635864,,
33,,11849,,,,0.71875,,1.0758167505264282,,
33,,11899,,,,0.6875,,1.2023667097091675,,
33,,11949,,,,0.6640625,,1.1684619188308716,,
33,,11967,,,,,,,0.7085999846458435,1.158326268196106
33,,11967,,,0.7088666558265686,,1.1450238227844238,,,
,0.00029758603185346753,11968,,,,,,,,
34,,11999,,,,0.7109375,,1.1446818113327026,,
34,,12049,,,,0.7734375,,1.1133244037628174,,
34,,12099,,,,0.703125,,1.1592121124267578,,
34,,12149,,,,0.6875,,1.1116511821746826,,
34,,12199,,,,0.75,,1.108805537223816,,
34,,12249,,,,0.734375,,1.1507408618927002,,
34,,12299,,,,0.71875,,1.2453279495239258,,
34,,12319,,,,,,,0.7106000185012817,1.152029037475586
34,,12319,,,0.7163777947425842,,1.13096022605896,,,
,0.00029623494499601025,12320,,,,,,,,
35,,12349,,,,0.734375,,1.0952423810958862,,
35,,12399,,,,0.65625,,1.3138611316680908,,
35,,12449,,,,0.6875,,1.205098271369934,,
35,,12499,,,,0.7265625,,1.0305936336517334,,
35,,12549,,,,0.7578125,,1.1171082258224487,,
35,,12599,,,,0.7109375,,1.102842926979065,,
35,,12649,,,,0.671875,,1.2126586437225342,,
35,,12671,,,,,,,0.7098000049591064,1.1566112041473389
35,,12671,,,0.7220444679260254,,1.1195684671401978,,,
,0.00029458936162898207,12672,,,,,,,,
36,,12699,,,,0.671875,,1.1466952562332153,,
36,,12749,,,,0.703125,,1.0976791381835938,,
36,,12799,,,,0.6953125,,1.2306009531021118,,
36,,12849,,,,0.6875,,1.164375901222229,,
36,,12899,,,,0.71875,,1.143738865852356,,
36,,12949,,,,0.703125,,1.0870511531829834,,
36,,12999,,,,0.7578125,,1.0297486782073975,,
36,,13023,,,,,,,0.718999981880188,1.1181166172027588
36,,13023,,,0.7235333323478699,,1.1083033084869385,,,
,0.0002926525957382857,13024,,,,,,,,
37,,13049,,,,0.703125,,1.1533247232437134,,
37,,13099,,,,0.75,,1.0434114933013916,,
37,,13149,,,,0.7109375,,1.1191617250442505,,
37,,13199,,,,0.75,,1.1007957458496094,,
37,,13249,,,,0.75,,1.0590983629226685,,
37,,13299,,,,0.6953125,,1.1599937677383423,,
37,,13349,,,,0.7578125,,1.0232096910476685,,
37,,13375,,,,,,,0.7251999974250793,1.1133155822753906
37,,13375,,,0.7303777933120728,,1.1003868579864502,,,
,0.00029042854771267504,13376,,,,,,,,
38,,13399,,,,0.734375,,1.1081559658050537,,
38,,13449,,,,0.6875,,1.1751346588134766,,
38,,13499,,,,0.75,,1.0703775882720947,,
38,,13549,,,,0.6796875,,1.174397587776184,,
38,,13599,,,,0.71875,,1.0944302082061768,,
38,,13649,,,,0.703125,,1.1039035320281982,,
38,,13699,,,,0.7578125,,1.0376027822494507,,
38,,13727,,,,,,,0.7202000021934509,1.1199296712875366
38,,13727,,,0.7354221940040588,,1.0902724266052246,,,
,0.00028792169648889164,13728,,,,,,,,
39,,13749,,,,0.75,,1.0327835083007812,,
39,,13799,,,,0.7265625,,1.080239176750183,,
39,,13849,,,,0.75,,1.0851775407791138,,
39,,13899,,,,0.7578125,,1.0264164209365845,,
39,,13949,,,,0.7421875,,1.0794116258621216,,
39,,13999,,,,0.7109375,,1.0581992864608765,,
39,,14049,,,,0.7109375,,1.1099169254302979,,
39,,14079,,,,,,,0.7287999987602234,1.1095433235168457
39,,14079,,,0.7396222352981567,,1.0795954465866089,,,
,0.00028513709053168174,14080,,,,,,,,
40,,14099,,,,0.78125,,1.006950855255127,,
40,,14149,,,,0.7734375,,0.9605103731155396,,
40,,14199,,,,0.734375,,1.1317126750946045,,
40,,14249,,,,0.7265625,,1.0856831073760986,,
40,,14299,,,,0.7734375,,1.0321718454360962,,
40,,14349,,,,0.7734375,,1.0179424285888672,,
40,,14399,,,,0.75,,1.0530567169189453,,
40,,14431,,,,,,,0.7365999817848206,1.0898849964141846
40,,14431,,,0.7463333606719971,,1.0682357549667358,,,
,0.0002820803376668605,14432,,,,,,,,
41,,14449,,,,0.75,,1.0671887397766113,,
41,,14499,,,,0.7265625,,1.134467363357544,,
41,,14549,,,,0.71875,,1.1248621940612793,,
41,,14599,,,,0.7578125,,1.0603065490722656,,
41,,14649,,,,0.7265625,,1.1327327489852905,,
41,,14699,,,,0.796875,,1.0098776817321777,,
41,,14749,,,,0.8125,,0.9245020151138306,,
41,,14783,,,,,,,0.724399983882904,1.1061275005340576
41,,14783,,,0.7506666779518127,,1.0572189092636108,,,
,0.0002787575937878969,14784,,,,,,,,
42,,14799,,,,0.765625,,1.0810987949371338,,
42,,14849,,,,0.7578125,,1.0607047080993652,,
42,,14899,,,,0.7734375,,1.0135574340820312,,
42,,14949,,,,0.6796875,,1.1889045238494873,,
42,,14999,,,,0.8046875,,1.0182267427444458,,
42,,15049,,,,0.796875,,1.0116945505142212,,
42,,15099,,,,0.8125,,0.9229668378829956,,
42,,15135,,,,,,,0.743399977684021,1.0959640741348267
42,,15135,,,0.7539111375808716,,1.0504133701324463,,,
,0.00027517555045876386,15136,,,,,,,,
43,,15149,,,,0.765625,,1.0848023891448975,,
43,,15199,,,,0.7578125,,1.0406032800674438,,
43,,15249,,,,0.734375,,1.0415674448013306,,
43,,15299,,,,0.828125,,0.8878546953201294,,
43,,15349,,,,0.7265625,,1.085994005203247,,
43,,15399,,,,0.734375,,1.006384015083313,,
43,,15449,,,,0.75,,1.0726393461227417,,
43,,15487,,,,,,,0.7232000231742859,1.125231385231018
43,,15487,,,0.7587110996246338,,1.0396490097045898,,,
,0.00027134142143801836,15488,,,,,,,,
44,,15499,,,,0.796875,,0.9877893924713135,,
44,,15549,,,,0.75,,1.076960563659668,,
44,,15599,,,,0.7109375,,1.081983208656311,,
44,,15649,,,,0.7734375,,0.9866476058959961,,
44,,15699,,,,0.8203125,,0.8931592702865601,,
44,,15749,,,,0.75,,1.0219371318817139,,
44,,15799,,,,0.75,,1.0130245685577393,,
44,,15839,,,,,,,0.7364000082015991,1.0817019939422607
44,,15839,,,0.7627999782562256,,1.0307615995407104,,,
,0.00026726292815125224,15840,,,,,,,,
45,,15849,,,,0.7890625,,0.9287527799606323,,
45,,15899,,,,0.7578125,,0.9734312295913696,,
45,,15949,,,,0.796875,,0.9181661605834961,,
45,,15999,,,,0.78125,,1.0324257612228394,,
45,,16049,,,,0.8125,,0.9040642380714417,,
45,,16099,,,,0.7890625,,0.9617321491241455,,
45,,16149,,,,0.7578125,,1.0568854808807373,,
45,,16191,,,,,,,0.7296000123023987,1.103685975074768
45,,16191,,,0.7669110894203186,,1.0194445848464966,,,
,0.0002629482841411685,16192,,,,,,,,
46,,16199,,,,0.703125,,1.024994969367981,,
46,,16249,,,,0.765625,,1.0250656604766846,,
46,,16299,,,,0.75,,0.9632741212844849,,
46,,16349,,,,0.78125,,1.0250422954559326,,
46,,16399,,,,0.7109375,,1.1343467235565186,,
46,,16449,,,,0.765625,,1.0206338167190552,,
46,,16499,,,,0.84375,,0.8868308067321777,,
46,,16543,,,,,,,0.753600001335144,1.057113766670227
46,,16543,,,0.7704444527626038,,1.0108603239059448,,,
,0.00025840617852659914,16544,,,,,,,,
47,,16549,,,,0.7734375,,0.9617973566055298,,
47,,16599,,,,0.7578125,,1.0787110328674316,,
47,,16649,,,,0.7890625,,1.0103391408920288,,
47,,16699,,,,0.703125,,1.2331088781356812,,
47,,16749,,,,0.75,,1.0272369384765625,,
47,,16799,,,,0.7578125,,0.9730532169342041,,
47,,16849,,,,0.75,,1.072645902633667,,
47,,16895,,,,,,,0.7486000061035156,1.0628224611282349
47,,16895,,,0.7732444405555725,,1.003401517868042,,,
,0.00025364575850377665,16896,,,,,,,,
48,,16899,,,,0.828125,,0.9235405921936035,,
48,,16949,,,,0.7890625,,0.9358755350112915,,
48,,16999,,,,0.734375,,1.1310091018676758,,
48,,17049,,,,0.7421875,,1.020655870437622,,
48,,17099,,,,0.75,,1.0406346321105957,,
48,,17149,,,,0.7421875,,0.9976118803024292,,
48,,17199,,,,0.734375,,1.027578353881836,,
48,,17247,,,,,,,0.756600022315979,1.0549722909927368
48,,17247,,,0.7743333578109741,,1.0008376836776733,,,
,0.0002486766109250978,17248,,,,,,,,
49,,17249,,,,0.7734375,,0.9928238391876221,,
49,,17299,,,,0.8203125,,0.9249769449234009,,
49,,17349,,,,0.7890625,,0.9894512891769409,,
49,,17399,,,,0.765625,,0.9979273676872253,,
49,,17449,,,,0.7265625,,1.1264760494232178,,
49,,17499,,,,0.765625,,0.9781259298324585,,
49,,17549,,,,0.84375,,0.8804079294204712,,
49,,17599,,,,0.75,,1.1383373737335205,,
49,,17599,,,,,,,0.7609999775886536,1.0394009351730347
49,,17599,,,0.7846444249153137,,0.9848193526268005,,,
,0.00024350874299247874,17600,,,,,,,,
50,,17649,,,,0.7734375,,1.074289321899414,,
50,,17699,,,,0.8203125,,0.9584704637527466,,
50,,17749,,,,0.7109375,,1.0931247472763062,,
50,,17799,,,,0.796875,,1.0159884691238403,,
50,,17849,,,,0.8125,,0.9196310043334961,,
50,,17899,,,,0.6953125,,1.0799306631088257,,
50,,17949,,,,0.7578125,,1.004310965538025,,
50,,17951,,,,,,,0.7559999823570251,1.0480135679244995
50,,17951,,,0.7850221991539001,,0.9809471964836121,,,
,0.00023815256210418242,17952,,,,,,,,
51,,17999,,,,0.8046875,,0.9253942966461182,,
51,,18049,,,,0.8125,,0.9513964056968689,,
51,,18099,,,,0.796875,,0.9757528305053711,,
51,,18149,,,,0.7578125,,1.0106650590896606,,
51,,18199,,,,0.8046875,,0.9517996311187744,,
51,,18249,,,,0.7421875,,1.0127015113830566,,
51,,18299,,,,0.7734375,,0.9530321359634399,,
51,,18303,,,,,,,0.7562000155448914,1.0475834608078003
51,,18303,,,0.7876666784286499,,0.9747284650802612,,,
,0.0002326188548957031,18304,,,,,,,,
52,,18349,,,,0.8203125,,0.9396715760231018,,
52,,18399,,,,0.7890625,,0.9824498891830444,,
52,,18449,,,,0.7890625,,1.0071194171905518,,
52,,18499,,,,0.765625,,1.025386929512024,,
52,,18549,,,,0.8203125,,0.9321640729904175,,
52,,18599,,,,0.859375,,0.8202331066131592,,
52,,18649,,,,0.8046875,,0.9541431665420532,,
52,,18655,,,,,,,0.7692000269889832,1.016638159751892
52,,18655,,,0.7917110919952393,,0.9653059840202332,,,
,0.0002269187655169185,18656,,,,,,,,
53,,18699,,,,0.828125,,0.9235727787017822,,
53,,18749,,,,0.7734375,,1.0023194551467896,,
53,,18799,,,,0.75,,1.015649676322937,,
53,,18849,,,,0.828125,,0.9780961275100708,,
53,,18899,,,,0.8125,,0.974068284034729,,
53,,18949,,,,0.7421875,,1.106696605682373,,
53,,18999,,,,0.7734375,,0.9522154927253723,,
53,,19007,,,,,,,0.7657999992370605,1.0221463441848755
53,,19007,,,0.7975999712944031,,0.9562766551971436,,,
,0.00022106377318925442,19008,,,,,,,,
54,,19049,,,,0.7890625,,0.8785827159881592,,
54,,19099,,,,0.7421875,,0.9973375797271729,,
54,,19149,,,,0.765625,,0.9798234701156616,,
54,,19199,,,,0.7734375,,0.9952325820922852,,
54,,19249,,,,0.7890625,,0.9342305064201355,,
54,,19299,,,,0.828125,,0.925021231174469,,
54,,19349,,,,0.8671875,,0.8422455787658691,,
54,,19359,,,,,,,0.7734000086784363,1.023772954940796
54,,19359,,,0.7992444634437561,,0.9466196298599243,,,
,0.0002150656690880612,19360,,,,,,,,
55,,19399,,,,0.84375,,0.8264874219894409,,
55,,19449,,,,0.8515625,,0.8769960403442383,,
55,,19499,,,,0.7890625,,0.9110324382781982,,
55,,19549,,,,0.828125,,0.941051185131073,,
55,,19599,,,,0.734375,,1.061342716217041,,
55,,19649,,,,0.765625,,1.015993356704712,,
55,,19699,,,,0.8125,,0.9526655673980713,,
55,,19711,,,,,,,0.7781999707221985,1.0076904296875
55,,19711,,,0.8022222518920898,,0.9423360824584961,,,
,0.0002089365325967551,19712,,,,,,,,
56,,19749,,,,0.78125,,0.9599109888076782,,
56,,19799,,,,0.7109375,,1.102026343345642,,
56,,19849,,,,0.8046875,,0.9368163347244263,,
56,,19899,,,,0.75,,1.028045892715454,,
56,,19949,,,,0.8125,,0.920257031917572,,
56,,19999,,,,0.765625,,1.046065092086792,,
56,,20049,,,,0.8046875,,0.9499595165252686,,
56,,20063,,,,,,,0.7797999978065491,1.0046480894088745
56,,20063,,,0.8063333630561829,,0.9335426092147827,,,
,0.00020268870698054797,20064,,,,,,,,
57,,20099,,,,0.8203125,,0.8646557331085205,,
57,,20149,,,,0.8046875,,0.8941345810890198,,
57,,20199,,,,0.8359375,,0.8909849524497986,,
57,,20249,,,,0.7265625,,1.083106279373169,,
57,,20299,,,,0.8046875,,0.8675596117973328,,
57,,20349,,,,0.7734375,,0.9398273229598999,,
57,,20399,,,,0.8203125,,0.8951366543769836,,
57,,20415,,,,,,,0.7832000255584717,0.9877565503120422
57,,20415,,,0.8087111115455627,,0.9268680810928345,,,
,0.00019633477452875384,20416,,,,,,,,
58,,20449,,,,0.84375,,0.9033735990524292,,
58,,20499,,,,0.84375,,0.8917776942253113,,
58,,20549,,,,0.7578125,,0.9967195987701416,,
58,,20599,,,,0.78125,,0.9769359827041626,,
58,,20649,,,,0.8515625,,0.8432115316390991,,
58,,20699,,,,0.828125,,0.9305218458175659,,
58,,20749,,,,0.75,,0.9830135107040405,,
58,,20767,,,,,,,0.7860000133514404,0.9873709678649902
58,,20767,,,0.8111777901649475,,0.9200937747955322,,,
,0.00018988753121573256,20768,,,,,,,,
59,,20799,,,,0.828125,,0.8669303059577942,,
59,,20849,,,,0.859375,,0.8327760696411133,,
59,,20899,,,,0.859375,,0.8619338274002075,,
59,,20949,,,,0.7421875,,1.0443007946014404,,
59,,20999,,,,0.7890625,,0.9412176609039307,,
59,,21049,,,,0.8125,,0.9603656530380249,,
59,,21099,,,,0.8671875,,0.8035420775413513,,
59,,21119,,,,,,,0.7868000268936157,0.9902383685112
59,,21119,,,0.8150888681411743,,0.910608172416687,,,
,0.00018335996093150046,21120,,,,,,,,
60,,21149,,,,0.8515625,,0.8539542555809021,,
60,,21199,,,,0.859375,,0.855505108833313,,
60,,21249,,,,0.8203125,,0.9879567623138428,,
60,,21299,,,,0.875,,0.8426026105880737,,
60,,21349,,,,0.78125,,0.9474630355834961,,
60,,21399,,,,0.8125,,0.9270923137664795,,
60,,21449,,,,0.921875,,0.7227361798286438,,
60,,21471,,,,,,,0.7936000227928162,0.9774534106254578
60,,21471,,,0.8185333609580994,,0.9082529544830322,,,
,0.00017676520933390384,21472,,,,,,,,
61,,21499,,,,0.828125,,0.9031023979187012,,
61,,21549,,,,0.84375,,0.931227445602417,,
61,,21599,,,,0.890625,,0.8038403987884521,,
61,,21649,,,,0.859375,,0.7896348237991333,,
61,,21699,,,,0.8984375,,0.8172652125358582,,
61,,21749,,,,0.859375,,0.8514169454574585,,
61,,21799,,,,0.8046875,,0.9269028306007385,,
61,,21823,,,,,,,0.7824000120162964,0.9995467066764832
61,,21823,,,0.8232222199440002,,0.896591067314148,,,
,0.0001701165573750133,21824,,,,,,,,
62,,21849,,,,0.796875,,0.9168688654899597,,
62,,21899,,,,0.84375,,0.8272327780723572,,
62,,21949,,,,0.8359375,,0.8351904153823853,,
62,,21999,,,,0.875,,0.8334378004074097,,
62,,22049,,,,0.8046875,,0.8742591142654419,,
62,,22099,,,,0.8125,,0.8787024021148682,,
62,,22149,,,,0.859375,,0.8557920455932617,,
62,,22175,,,,,,,0.7888000011444092,0.9852274656295776
62,,22175,,,0.8251110911369324,,0.8925515413284302,,,
,0.00016342739455505397,22176,,,,,,,,
63,,22199,,,,0.8125,,0.9494239091873169,,
63,,22249,,,,0.8828125,,0.7910044193267822,,
63,,22299,,,,0.7890625,,0.9992300868034363,,
63,,22349,,,,0.890625,,0.7832537889480591,,
63,,22399,,,,0.875,,0.7950943112373352,,
63,,22449,,,,0.84375,,0.8492715358734131,,
63,,22499,,,,0.8125,,0.877522349357605,,
63,,22527,,,,,,,0.7868000268936157,0.9786161184310913
63,,22527,,,0.8265555500984192,,0.8863222002983093,,,
,0.00015671119195773386,22528,,,,,,,,
64,,22549,,,,0.8515625,,0.8804420232772827,,
64,,22599,,,,0.859375,,0.8289596438407898,,
64,,22649,,,,0.8828125,,0.8036852478981018,,
64,,22699,,,,0.8203125,,0.8950563073158264,,
64,,22749,,,,0.84375,,0.8322200775146484,,
64,,22799,,,,0.8359375,,0.8751916885375977,,
64,,22849,,,,0.8203125,,0.8919696807861328,,
64,,22879,,,,,,,0.7833999991416931,0.9906747341156006
64,,22879,,,0.8330888748168945,,0.8781655430793762,,,
,0.00014998147512127412,22880,,,,,,,,
65,,22899,,,,0.8203125,,0.9331685900688171,,
65,,22949,,,,0.796875,,0.9112951755523682,,
65,,22999,,,,0.8671875,,0.8489694595336914,,
65,,23049,,,,0.859375,,0.9054473638534546,,
65,,23099,,,,0.828125,,0.8819831609725952,,
65,,23149,,,,0.8125,,0.9008105993270874,,
65,,23199,,,,0.8515625,,0.8846070766448975,,
65,,23231,,,,,,,0.7973999977111816,0.9621791243553162
65,,23231,,,0.8342666625976562,,0.8732519745826721,,,
,0.00014325179679977492,23232,,,,,,,,
66,,23249,,,,0.859375,,0.8017092347145081,,
66,,23299,,,,0.8359375,,0.8960015177726746,,
66,,23349,,,,0.8515625,,0.847653865814209,,
66,,23399,,,,0.828125,,0.8712000846862793,,
66,,23449,,,,0.859375,,0.8089275360107422,,
66,,23499,,,,0.890625,,0.7803511619567871,,
66,,23549,,,,0.84375,,0.8258333206176758,,
66,,23583,,,,,,,0.7929999828338623,0.968529224395752
66,,23583,,,0.8379999995231628,,0.8655695915222168,,,
,0.0001365357096697725,23584,,,,,,,,
67,,23599,,,,0.8828125,,0.7941055297851562,,
67,,23649,,,,0.875,,0.7491813898086548,,
67,,23699,,,,0.7578125,,0.987707793712616,,
67,,23749,,,,0.8125,,0.8761263489723206,,
67,,23799,,,,0.875,,0.7952001094818115,,
67,,23849,,,,0.796875,,0.9057723879814148,,
67,,23899,,,,0.859375,,0.8575590252876282,,
67,,23935,,,,,,,0.801800012588501,0.9591825008392334
67,,23935,,,0.8414444327354431,,0.858858048915863,,,
,0.00012984673903695224,23936,,,,,,,,
68,,23949,,,,0.8828125,,0.7479736804962158,,
68,,23999,,,,0.828125,,0.8736610412597656,,
68,,24049,,,,0.8125,,0.881156325340271,,
68,,24099,,,,0.875,,0.8010901212692261,,
68,,24149,,,,0.828125,,0.8591128587722778,,
68,,24199,,,,0.8203125,,0.9082019329071045,,
68,,24249,,,,0.875,,0.7865771651268005,,
68,,24287,,,,,,,0.7968000173568726,0.9576379656791687
68,,24287,,,0.8451111316680908,,0.8499021530151367,,,
,0.00012319835559798263,24288,,,,,,,,
69,,24299,,,,0.8828125,,0.7866083979606628,,
69,,24349,,,,0.78125,,0.9492523670196533,,
69,,24399,,,,0.84375,,0.8736482858657837,,
69,,24449,,,,0.8046875,,1.0162547826766968,,
69,,24499,,,,0.875,,0.8416833877563477,,
69,,24549,,,,0.859375,,0.8747620582580566,,
69,,24599,,,,0.8203125,,0.9042292833328247,,
69,,24639,,,,,,,0.8014000058174133,0.9566592574119568
69,,24639,,,0.8474888801574707,,0.8441442847251892,,,
,0.00011660394831232562,24640,,,,,,,,
70,,24649,,,,0.8359375,,0.882116436958313,,
70,,24699,,,,0.8671875,,0.8061186075210571,,
70,,24749,,,,0.875,,0.8019933700561523,,
70,,24799,,,,0.8359375,,0.8868856430053711,,
70,,24849,,,,0.890625,,0.7556670904159546,,
70,,24899,,,,0.875,,0.8269226551055908,,
70,,24949,,,,0.8359375,,0.8434022665023804,,
70,,24991,,,,,,,0.7993999719619751,0.9586611390113831
70,,24991,,,0.8496222496032715,,0.83979731798172,,,
,0.00011007679743865329,24992,,,,,,,,
71,,24999,,,,0.8828125,,0.7993527054786682,,
71,,25049,,,,0.8984375,,0.7246761918067932,,
71,,25099,,,,0.8828125,,0.8049846887588501,,
71,,25149,,,,0.7578125,,0.9371771216392517,,
71,,25199,,,,0.8828125,,0.7429474592208862,,
71,,25249,,,,0.8671875,,0.7842243909835815,,
71,,25299,,,,0.8046875,,0.8832323551177979,,
71,,25343,,,,,,,0.8118000030517578,0.9394528269767761
71,,25343,,,0.8536444306373596,,0.8313281536102295,,,
,0.00010363004779017497,25344,,,,,,,,
72,,25349,,,,0.890625,,0.783566415309906,,
72,,25399,,,,0.8671875,,0.8078004121780396,,
72,,25449,,,,0.890625,,0.7688692808151245,,
72,,25499,,,,0.8515625,,0.867430567741394,,
72,,25549,,,,0.8515625,,0.8881065249443054,,
72,,25599,,,,0.796875,,0.8619012832641602,,
72,,25649,,,,0.8125,,0.8932297229766846,,
72,,25695,,,,,,,0.8023999929428101,0.948503315448761
72,,25695,,,0.8542222380638123,,0.8283615708351135,,,
,9.727668226273216e-05,25696,,,,,,,,
73,,25699,,,,0.828125,,0.859217643737793,,
73,,25749,,,,0.8671875,,0.816832423210144,,
73,,25799,,,,0.8203125,,0.9005953073501587,,
73,,25849,,,,0.859375,,0.8151295185089111,,
73,,25899,,,,0.9140625,,0.732327401638031,,
73,,25949,,,,0.8671875,,0.7718573808670044,,
73,,25999,,,,0.875,,0.823112428188324,,
73,,26047,,,,,,,0.8087999820709229,0.9396247267723083
73,,26047,,,0.8564666509628296,,0.8244907855987549,,,
,9.102949568897467e-05,26048,,,,,,,,
74,,26049,,,,0.90625,,0.7082682847976685,,
74,,26099,,,,0.8359375,,0.8492304086685181,,
74,,26149,,,,0.828125,,0.9368120431900024,,
74,,26199,,,,0.8125,,0.8966081142425537,,
74,,26249,,,,0.8046875,,0.8638683557510376,,
74,,26299,,,,0.8046875,,0.9161211252212524,,
74,,26349,,,,0.8984375,,0.8048804402351379,,
74,,26399,,,,0.8888888955116272,,0.7772871255874634,,
74,,26399,,,,,,,0.800599992275238,0.9544966816902161
74,,26399,,,0.8608444333076477,,0.8158605098724365,,,
,8.490106907126988e-05,26400,,,,,,,,
75,,26449,,,,0.8359375,,0.867609977722168,,
75,,26499,,,,0.890625,,0.7344420552253723,,
75,,26549,,,,0.8984375,,0.7557330131530762,,
75,,26599,,,,0.828125,,0.8407545685768127,,
75,,26649,,,,0.8515625,,0.7609822750091553,,
75,,26699,,,,0.8515625,,0.8300576210021973,,
75,,26749,,,,0.859375,,0.7770732045173645,,
75,,26751,,,,,,,0.8126000165939331,0.936094343662262
75,,26751,,,0.8621110916137695,,0.8118096590042114,,,
,7.890374424523892e-05,26752,,,,,,,,
76,,26799,,,,0.8984375,,0.7655820846557617,,
76,,26849,,,,0.875,,0.7933226823806763,,
76,,26899,,,,0.890625,,0.7808159589767456,,
76,,26949,,,,0.8359375,,0.8862412571907043,,
76,,26999,,,,0.8359375,,0.7688924074172974,,
76,,27049,,,,0.8828125,,0.7583153247833252,,
76,,27099,,,,0.890625,,0.8095839023590088,,
76,,27103,,,,,,,0.8154000043869019,0.931236982345581
76,,27103,,,0.86362224817276,,0.8072523474693298,,,
,7.304959902494145e-05,27104,,,,,,,,
77,,27149,,,,0.8359375,,0.848291277885437,,
77,,27199,,,,0.890625,,0.7630312442779541,,
77,,27249,,,,0.828125,,0.9018193483352661,,
77,,27299,,,,0.8046875,,0.8867380619049072,,
77,,27349,,,,0.859375,,0.8273530602455139,,
77,,27399,,,,0.8203125,,0.8778965473175049,,
77,,27449,,,,0.875,,0.7801376581192017,,
77,,27455,,,,,,,0.8154000043869019,0.9409741163253784
77,,27455,,,0.868244469165802,,0.7999348044395447,,,
,6.735042287976632e-05,27456,,,,,,,,
78,,27499,,,,0.859375,,0.8770123720169067,,
78,,27549,,,,0.8515625,,0.8048605918884277,,
78,,27599,,,,0.859375,,0.8596954345703125,,
78,,27649,,,,0.8515625,,0.8246039152145386,,
78,,27699,,,,0.828125,,0.8953596353530884,,
78,,27749,,,,0.90625,,0.7820577621459961,,
78,,27799,,,,0.859375,,0.8056483268737793,,
78,,27807,,,,,,,0.8148000240325928,0.927848219871521
78,,27807,,,0.8693555593490601,,0.7960752844810486,,,
,6.18176931920084e-05,27808,,,,,,,,
79,,27849,,,,0.8359375,,0.8143264055252075,,
79,,27899,,,,0.84375,,0.8168988227844238,,
79,,27949,,,,0.875,,0.7882614731788635,,
79,,27999,,,,0.8125,,0.8764968514442444,,
79,,28049,,,,0.8671875,,0.7770208716392517,,
79,,28099,,,,0.8515625,,0.8165896534919739,,
79,,28149,,,,0.8359375,,0.8472967147827148,,
79,,28159,,,,,,,0.8154000043869019,0.9352374076843262
79,,28159,,,0.8702666759490967,,0.7930106520652771,,,
,5.646255214294868e-05,28160,,,,,,,,
80,,28199,,,,0.890625,,0.7744063138961792,,
80,,28249,,,,0.8203125,,0.9045482873916626,,
80,,28299,,,,0.8203125,,0.8912971019744873,,
80,,28349,,,,0.84375,,0.857459545135498,,
80,,28399,,,,0.8671875,,0.847922682762146,,
80,,28449,,,,0.8671875,,0.7794585227966309,,
80,,28499,,,,0.8671875,,0.7740148305892944,,
80,,28511,,,,,,,0.8167999982833862,0.9295519590377808
80,,28511,,,0.8726000189781189,,0.7878987193107605,,,
,5.1295784273983724e-05,28512,,,,,,,,
81,,28549,,,,0.890625,,0.7543562650680542,,
81,,28599,,,,0.8984375,,0.7456555962562561,,
81,,28649,,,,0.8515625,,0.7934004068374634,,
81,,28699,,,,0.8359375,,0.8293113112449646,,
81,,28749,,,,0.8828125,,0.715967059135437,,
81,,28799,,,,0.828125,,0.8667303323745728,,
81,,28849,,,,0.828125,,0.858423113822937,,
81,,28863,,,,,,,0.8149999976158142,0.9195069074630737
81,,28863,,,0.8758888840675354,,0.7851012349128723,,,
,4.632779476799454e-05,28864,,,,,,,,
82,,28899,,,,0.8984375,,0.730202317237854,,
82,,28949,,,,0.859375,,0.8153887987136841,,
82,,28999,,,,0.875,,0.7313350439071655,,
82,,29049,,,,0.8515625,,0.8297938108444214,,
82,,29099,,,,0.875,,0.7862269878387451,,
82,,29149,,,,0.84375,,0.8044458627700806,,
82,,29199,,,,0.875,,0.7883158326148987,,
82,,29215,,,,,,,0.8202000260353088,0.9158022403717041
82,,29215,,,0.8766666650772095,,0.779111921787262,,,
,4.1568588494693114e-05,29216,,,,,,,,
83,,29249,,,,0.84375,,0.8184699416160583,,
83,,29299,,,,0.8671875,,0.7519287467002869,,
83,,29349,,,,0.8515625,,0.8226563930511475,,
83,,29399,,,,0.8828125,,0.7767589092254639,,
83,,29449,,,,0.890625,,0.7678349614143372,,
83,,29499,,,,0.8828125,,0.7745451331138611,,
83,,29549,,,,0.921875,,0.7062244415283203,,
83,,29567,,,,,,,0.8220000267028809,0.9201291799545288
83,,29567,,,0.879444420337677,,0.7741461992263794,,,
,3.7027749862146196e-05,29568,,,,,,,,
84,,29599,,,,0.8984375,,0.7735344171524048,,
84,,29649,,,,0.8671875,,0.8582816123962402,,
84,,29699,,,,0.859375,,0.7978966236114502,,
84,,29749,,,,0.859375,,0.805518388748169,,
84,,29799,,,,0.8671875,,0.7831405401229858,,
84,,29849,,,,0.875,,0.7542939186096191,,
84,,29899,,,,0.8828125,,0.8416962623596191,,
84,,29919,,,,,,,0.8226000070571899,0.9262567162513733
84,,29919,,,0.8829777836799622,,0.7665048837661743,,,
,3.2714423515052976e-05,29920,,,,,,,,
85,,29949,,,,0.9140625,,0.7217270135879517,,
85,,29999,,,,0.8828125,,0.716689944267273,,
85,,30049,,,,0.859375,,0.8172494173049927,,
85,,30099,,,,0.859375,,0.7864960432052612,,
85,,30149,,,,0.890625,,0.8172276020050049,,
85,,30199,,,,0.921875,,0.6827160120010376,,
85,,30249,,,,0.90625,,0.6856443881988525,,
85,,30271,,,,,,,0.8222000002861023,0.9244701862335205
85,,30271,,,0.8824889063835144,,0.7664178013801575,,,
,2.863729591864765e-05,30272,,,,,,,,
86,,30299,,,,0.90625,,0.7743151187896729,,
86,,30349,,,,0.875,,0.7853879332542419,,
86,,30399,,,,0.8671875,,0.8048111796379089,,
86,,30449,,,,0.8671875,,0.7587002515792847,,
86,,30499,,,,0.8515625,,0.8304926156997681,,
86,,30549,,,,0.8828125,,0.8223141431808472,,
86,,30599,,,,0.84375,,0.805250346660614,,
86,,30623,,,,,,,0.8131999969482422,0.9296978712081909
86,,30623,,,0.8849999904632568,,0.7636213302612305,,,
,2.4804577865314646e-05,30624,,,,,,,,
87,,30649,,,,0.875,,0.7918522357940674,,
87,,30699,,,,0.9375,,0.6872286796569824,,
87,,30749,,,,0.875,,0.7516279816627502,,
87,,30799,,,,0.8828125,,0.7304995059967041,,
87,,30849,,,,0.8671875,,0.7579142451286316,,
87,,30899,,,,0.90625,,0.716808021068573,,
87,,30949,,,,0.8828125,,0.7706295251846313,,
87,,30975,,,,,,,0.8252000212669373,0.9238768815994263
87,,30975,,,0.885200023651123,,0.7622960209846497,,,
,2.122398793914502e-05,30976,,,,,,,,
88,,30999,,,,0.9140625,,0.7106305360794067,,
88,,31049,,,,0.8828125,,0.7839357852935791,,
88,,31099,,,,0.8671875,,0.7645561695098877,,
88,,31149,,,,0.921875,,0.729759693145752,,
88,,31199,,,,0.875,,0.7463147640228271,,
88,,31249,,,,0.890625,,0.7653560638427734,,
88,,31299,,,,0.859375,,0.8291532397270203,,
88,,31327,,,,,,,0.8234000205993652,0.9116602540016174
88,,31327,,,0.8874889016151428,,0.7568648457527161,,,
,1.7902736971735895e-05,31328,,,,,,,,
89,,31349,,,,0.8828125,,0.7471407055854797,,
89,,31399,,,,0.8359375,,0.8208714723587036,,
89,,31449,,,,0.9375,,0.6944695711135864,,
89,,31499,,,,0.875,,0.8176273107528687,,
89,,31549,,,,0.8828125,,0.7909325361251831,,
89,,31599,,,,0.875,,0.7530654668807983,,
89,,31649,,,,0.9140625,,0.722352147102356,,
89,,31679,,,,,,,0.828000009059906,0.9096932411193848
89,,31679,,,0.8881555795669556,,0.7554129958152771,,,
,1.4847513520534737e-05,31680,,,,,,,,
90,,31699,,,,0.8515625,,0.7874906659126282,,
90,,31749,,,,0.8984375,,0.7813910245895386,,
90,,31799,,,,0.90625,,0.7510855197906494,,
90,,31849,,,,0.9375,,0.6586031317710876,,
90,,31899,,,,0.8828125,,0.7354552745819092,,
90,,31949,,,,0.8984375,,0.7507883310317993,,
90,,31999,,,,0.875,,0.7464669942855835,,
90,,32031,,,,,,,0.8259999752044678,0.910247266292572
90,,32031,,,0.890844464302063,,0.7526065111160278,,,
,1.20644703989751e-05,32032,,,,,,,,
91,,32049,,,,0.8828125,,0.7155653238296509,,
91,,32099,,,,0.9296875,,0.6708805561065674,,
91,,32149,,,,0.859375,,0.8093141913414001,,
91,,32199,,,,0.84375,,0.850777268409729,,
91,,32249,,,,0.8828125,,0.7531861662864685,,
91,,32299,,,,0.9140625,,0.7158151268959045,,
91,,32349,,,,0.8984375,,0.7342787981033325,,
91,,32383,,,,,,,0.8194000124931335,0.9163815379142761
91,,32383,,,0.8903777599334717,,0.7502197623252869,,,
,9.559212285529126e-06,32384,,,,,,,,
92,,32399,,,,0.921875,,0.6748694181442261,,
92,,32449,,,,0.8828125,,0.7112715244293213,,
92,,32499,,,,0.875,,0.7778217196464539,,
92,,32549,,,,0.8828125,,0.780855119228363,,
92,,32599,,,,0.890625,,0.7384570837020874,,
92,,32649,,,,0.8515625,,0.7782083749771118,,
92,,32699,,,,0.8515625,,0.8274306058883667,,
92,,32735,,,,,,,0.823199987411499,0.921397864818573
92,,32735,,,0.8922222256660461,,0.7497645616531372,,,
,7.336784436630965e-06,32736,,,,,,,,
93,,32749,,,,0.9140625,,0.7098197937011719,,
93,,32799,,,,0.8828125,,0.792104184627533,,
93,,32849,,,,0.8359375,,0.8397830724716187,,
93,,32899,,,,0.8671875,,0.8342667818069458,,
93,,32949,,,,0.8828125,,0.7617086172103882,,
93,,32999,,,,0.875,,0.7580310702323914,,
93,,33049,,,,0.9296875,,0.6836757063865662,,
93,,33087,,,,,,,0.8248000144958496,0.908409595489502
93,,33087,,,0.8902888894081116,,0.7484192848205566,,,
,5.401662526201737e-06,33088,,,,,,,,
94,,33099,,,,0.8828125,,0.7068537473678589,,
94,,33149,,,,0.90625,,0.6904555559158325,,
94,,33199,,,,0.9296875,,0.6685365438461304,,
94,,33249,,,,0.9453125,,0.6677675247192383,,
94,,33299,,,,0.9453125,,0.6364780068397522,,
94,,33349,,,,0.8671875,,0.786328911781311,,
94,,33399,,,,0.90625,,0.7804715633392334,,
94,,33439,,,,,,,0.8184000253677368,0.9206252694129944
94,,33439,,,0.8908666372299194,,0.7486840486526489,,,
,3.757743632237958e-06,33440,,,,,,,,
95,,33449,,,,0.890625,,0.7379037141799927,,
95,,33499,,,,0.90625,,0.7605515122413635,,
95,,33549,,,,0.8984375,,0.7151188850402832,,
95,,33599,,,,0.9140625,,0.7128562927246094,,
95,,33649,,,,0.8515625,,0.8034614324569702,,
95,,33699,,,,0.8984375,,0.718903660774231,,
95,,33749,,,,0.875,,0.8143848180770874,,
95,,33791,,,,,,,0.8220000267028809,0.9229151606559753
95,,33791,,,0.8931999802589417,,0.7458776235580444,,,
,2.4083383886150203e-06,33792,,,,,,,,
96,,33799,,,,0.9453125,,0.6743111610412598,,
96,,33849,,,,0.90625,,0.7656563520431519,,
96,,33899,,,,0.921875,,0.6583442687988281,,
96,,33949,,,,0.8203125,,0.8755828142166138,,
96,,33999,,,,0.8984375,,0.7165206670761108,,
96,,34049,,,,0.8984375,,0.7615107297897339,,
96,,34099,,,,0.90625,,0.7174974083900452,,
96,,34143,,,,,,,0.8309999704360962,0.8957629799842834
96,,34143,,,0.893666684627533,,0.7420395016670227,,,
,1.356164317911145e-06,34144,,,,,,,,
97,,34149,,,,0.8984375,,0.7576184272766113,,
97,,34199,,,,0.90625,,0.7194793224334717,,
97,,34249,,,,0.859375,,0.7834680676460266,,
97,,34299,,,,0.8671875,,0.7720828056335449,,
97,,34349,,,,0.8515625,,0.791466474533081,,
97,,34399,,,,0.921875,,0.6850666999816895,,
97,,34449,,,,0.8828125,,0.7562226057052612,,
97,,34495,,,,,,,0.8245999813079834,0.9183375239372253
97,,34495,,,0.8926222324371338,,0.7459343671798706,,,
,6.033403586786835e-07,34496,,,,,,,,
98,,34499,,,,0.8828125,,0.7318196296691895,,
98,,34549,,,,0.8828125,,0.7454130053520203,,
98,,34599,,,,0.8515625,,0.8534221649169922,,
98,,34649,,,,0.8984375,,0.710228443145752,,
98,,34699,,,,0.9140625,,0.7406963109970093,,
98,,34749,,,,0.8984375,,0.7941877245903015,,
98,,34799,,,,0.9375,,0.7179652452468872,,
98,,34847,,,,,,,0.8202000260353088,0.9207084774971008
98,,34847,,,0.8943333625793457,,0.7445602416992188,,,
,1.5138259818372467e-07,34848,,,,,,,,
99,,34849,,,,0.8984375,,0.7805564999580383,,
99,,34899,,,,0.8984375,,0.7384976148605347,,
99,,34949,,,,0.9140625,,0.718856692314148,,
99,,34999,,,,0.9375,,0.6677496433258057,,
99,,35049,,,,0.8984375,,0.758155345916748,,
99,,35099,,,,0.9296875,,0.6704280376434326,,
99,,35149,,,,0.921875,,0.6938730478286743,,
99,,35199,,,,0.9166666865348816,,0.7157559394836426,,
99,,35199,,,,,,,0.8240000009536743,0.9219837784767151
99,,35199,,,0.8949999809265137,,0.7440599203109741,,,
100,,35200,0.840499997138977,0.8831820487976074,,,,,,
